"","Group.1","x"
"1","2000-01-01",19.041667
"2","2000-01-02",22.958333
"3","2000-01-03",38.125
"4","2000-01-04",40.26087
"5","2000-01-05",48.45
"6","2000-01-06",39.95
"7","2000-01-07",29.625
"8","2000-01-08",29.666667
"9","2000-01-09",25.083333
"10","2000-01-10",37.666667
"11","2000-01-11",50.5
"12","2000-01-12",49.125
"13","2000-01-13",73.285714
"14","2000-01-14",66.541667
"15","2000-01-15",53.166667
"16","2000-01-16",45.75
"17","2000-01-17",59.25
"18","2000-01-18",66.791667
"19","2000-01-19",59.041667
"20","2000-01-20",48.357143
"21","2000-01-21",54.5
"22","2000-01-22",38.083333
"23","2000-01-23",37.958333
"24","2000-01-24",53.333333
"25","2000-01-25",42.583333
"26","2000-01-26",27.217391
"27","2000-01-27",33.375
"28","2000-01-28",36.875
"29","2000-01-29",39.625
"30","2000-01-30",35.208333
"31","2000-01-31",37.913043
"32","2000-02-01",34.583333
"33","2000-02-02",41.043478
"34","2000-02-03",45.833333
"35","2000-02-04",53.333333
"36","2000-02-05",42.458333
"37","2000-02-06",37.875
"38","2000-02-07",50.208333
"39","2000-02-08",57.833333
"40","2000-02-09",41.086957
"41","2000-02-10",32.909091
"42","2000-02-11",37.208333
"43","2000-02-12",23.208333
"44","2000-02-13",26.708333
"45","2000-02-14",33.782609
"46","2000-02-15",40.625
"47","2000-02-16",49.958333
"48","2000-02-17",22.227273
"49","2000-02-18",38.958333
"50","2000-02-19",46.166667
"51","2000-02-20",28.291667
"52","2000-02-21",18.708333
"53","2000-02-22",31.416667
"54","2000-02-23",33.625
"55","2000-02-24",23.130435
"56","2000-02-25",35.583333
"57","2000-02-26",36.875
"58","2000-02-27",37.833333
"59","2000-02-28",20.304348
"60","2000-02-29",36.583333
"61","2000-03-01",33.869565
"62","2000-03-02",38.666667
"63","2000-03-03",35.916667
"64","2000-03-04",26.958333
"65","2000-03-05",18.583333
"66","2000-03-06",27.416667
"67","2000-03-07",24.083333
"68","2000-03-08",27.583333
"69","2000-03-09",31.541667
"70","2000-03-10",37.136364
"71","2000-03-11",41.583333
"72","2000-03-12",38.208333
"73","2000-03-13",39.652174
"74","2000-03-14",44.25
"75","2000-03-15",40.652174
"76","2000-03-16",36.416667
"77","2000-03-17",33.875
"78","2000-03-18",31.125
"79","2000-03-19",26.875
"80","2000-03-20",22.416667
"81","2000-03-21",24.434783
"82","2000-03-22",33.291667
"83","2000-03-23",38.541667
"84","2000-03-24",47.791667
"85","2000-03-25",40
"86","2000-03-26",33.166667
"87","2000-03-27",31.478261
"88","2000-03-28",25.428571
"89","2000-03-29",29.541667
"90","2000-03-30",31.458333
"91","2000-03-31",28.458333
"92","2000-04-01",26.833333
"93","2000-04-02",29.041667
"94","2000-04-03",34.333333
"95","2000-04-04",37
"96","2000-04-05",39.5
"97","2000-04-06",32.791667
"98","2000-04-07",33.461538
"99","2000-04-11",33.928571
"100","2000-04-12",44.238095
"101","2000-04-13",37.090909
"102","2000-04-14",13.125
"103","2000-04-15",20.166667
"104","2000-04-16",24.375
"105","2000-04-17",23.157895
"106","2000-04-18",8.666667
"107","2000-04-19",31.166667
"108","2000-04-20",41.153846
"109","2000-04-21",7.625
"110","2000-04-22",17.708333
"111","2000-04-23",25.083333
"112","2000-04-24",36.5
"113","2000-04-25",43.125
"114","2000-04-26",41.833333
"115","2000-04-27",35.304348
"116","2000-04-28",26.590909
"117","2000-04-29",15.458333
"118","2000-04-30",25.416667
"119","2000-05-01",3.791667
"120","2000-05-02",4.416667
"121","2000-05-03",3.441667
"122","2000-05-04",3.236364
"123","2000-05-05",2.45
"124","2000-05-06",1.854167
"125","2000-05-07",1.554167
"126","2000-05-08",1.181818
"127","2000-05-09",2.729167
"128","2000-05-10",1.383333
"129","2000-05-11",1.270833
"130","2000-05-12",3.7
"131","2000-05-13",5.03125
"132","2000-05-14",3.458333
"133","2000-05-15",3.425
"134","2000-05-16",0.8
"135","2000-05-17",1.704167
"136","2000-05-18",4.685714
"137","2000-05-19",4.1
"138","2000-05-24",2.072727
"139","2000-05-25",2.575
"140","2000-05-26",2.891667
"141","2000-05-27",2.725
"142","2000-05-28",2.341667
"143","2000-05-29",3.769565
"144","2000-05-30",3.991667
"145","2000-05-31",2.966667
"146","2000-06-01",38.5
"147","2000-06-02",29.375
"148","2000-06-03",38.5
"149","2000-06-04",33.833333
"150","2000-06-05",44.285714
"151","2000-06-06",39.227273
"152","2000-06-07",34.791667
"153","2000-06-08",22.571429
"154","2000-06-09",22.958333
"155","2000-06-10",30.125
"156","2000-06-11",29.291667
"157","2000-06-12",35.7
"158","2000-06-13",34.875
"159","2000-06-14",26
"160","2000-06-15",28.333333
"161","2000-06-16",20.333333
"162","2000-06-17",15.409091
"163","2000-06-18",10.291667
"164","2000-06-19",14.409091
"165","2000-06-20",23
"166","2000-06-21",26.5
"167","2000-06-22",34.958333
"168","2000-06-23",20.947368
"169","2000-06-24",17.916667
"170","2000-06-25",15.375
"171","2000-06-26",22.166667
"172","2000-06-27",17.375
"173","2000-06-28",13.583333
"174","2000-06-29",25.6
"175","2000-06-30",16.083333
"176","2000-07-01",13.541667
"177","2000-07-02",15.833333
"178","2000-07-03",18.782609
"179","2000-07-04",24.333333
"180","2000-07-05",32.583333
"181","2000-07-06",25.428571
"182","2000-07-07",17
"183","2000-07-08",10.458333
"184","2000-07-09",12.666667
"185","2000-07-10",27.625
"186","2000-07-11",30.458333
"187","2000-07-12",25.708333
"188","2000-07-13",27.47619
"189","2000-07-14",24.136364
"190","2000-07-15",17.708333
"191","2000-07-16",16.791667
"192","2000-07-17",29.652174
"193","2000-07-18",29.583333
"194","2000-07-19",30
"195","2000-07-20",35
"196","2000-07-21",17.777778
"197","2000-07-24",27.416667
"198","2000-07-25",29.833333
"199","2000-07-26",24.791667
"200","2000-07-27",22.285714
"201","2000-07-28",19.875
"202","2000-07-29",17.625
"203","2000-07-30",13.434783
"204","2000-07-31",36.05
"205","2000-08-01",22.416667
"206","2000-08-02",19.375
"207","2000-08-03",19.842105
"208","2000-08-04",27.041667
"209","2000-08-05",25.625
"210","2000-08-06",10.791667
"211","2000-08-07",15.25
"212","2000-08-08",26.541667
"213","2000-08-09",25.5
"214","2000-08-10",25.869565
"215","2000-08-11",20.083333
"216","2000-08-12",14.875
"217","2000-08-13",12.666667
"218","2000-08-14",22.952381
"219","2000-08-15",21.125
"220","2000-08-16",21.208333
"221","2000-08-17",16.380952
"222","2000-08-18",24
"223","2000-08-19",26.208333
"224","2000-08-20",21.375
"225","2000-08-21",27.833333
"226","2000-08-22",27.458333
"227","2000-08-23",26
"228","2000-08-24",25.142857
"229","2000-08-25",24
"230","2000-08-26",23.291667
"231","2000-08-27",14.5
"232","2000-08-28",22.608696
"233","2000-08-29",19.166667
"234","2000-08-30",24.25
"235","2000-08-31",28.363636
"236","2000-09-01",28.727273
"237","2000-09-02",24.666667
"238","2000-09-03",21.791667
"239","2000-09-04",26.291667
"240","2000-09-05",36.208333
"241","2000-09-06",27.041667
"242","2000-09-07",35.238095
"243","2000-09-08",29.166667
"244","2000-09-09",26.875
"245","2000-09-10",17.625
"246","2000-09-11",25.85
"247","2000-09-12",32
"248","2000-09-13",40.541667
"249","2000-09-14",37.666667
"250","2000-09-15",37.190476
"251","2000-09-16",34.708333
"252","2000-09-17",24.375
"253","2000-09-18",16.125
"254","2000-09-19",28.916667
"255","2000-09-20",26.3
"256","2000-09-21",17.916667
"257","2000-09-22",18.25
"258","2000-09-25",38.130435
"259","2000-09-26",33.708333
"260","2000-09-27",39.944444
"261","2000-09-28",35.416667
"262","2000-09-29",33.166667
"263","2000-09-30",26.583333
"264","2000-10-01",21.458333
"265","2000-10-02",31.291667
"266","2000-10-03",32.083333
"267","2000-10-04",29.894737
"268","2000-10-05",30.708333
"269","2000-10-06",42.347826
"270","2000-10-07",35
"271","2000-10-08",12.166667
"272","2000-10-09",14.041667
"273","2000-10-10",17.041667
"274","2000-10-11",18.590909
"275","2000-10-12",35.75
"276","2000-10-13",44
"277","2000-10-14",42.791667
"278","2000-10-15",39.25
"279","2000-10-16",41.958333
"280","2000-10-17",42.333333
"281","2000-10-18",35.75
"282","2000-10-19",33.695652
"283","2000-10-20",30.291667
"284","2000-10-21",22.791667
"285","2000-10-22",14.958333
"286","2000-10-23",26.666667
"287","2000-10-24",30
"288","2000-10-25",38.052632
"289","2000-10-26",30.708333
"290","2000-10-27",29.791667
"291","2000-10-28",21.25
"292","2000-10-29",20.208333
"293","2000-10-30",25.708333
"294","2000-10-31",29.909091
"295","2000-11-01",34.958333
"296","2000-11-02",35.545455
"297","2000-11-03",35.333333
"298","2000-11-04",24.458333
"299","2000-11-05",27.541667
"300","2000-11-06",35.529412
"301","2000-11-07",26.590909
"302","2000-11-08",31.791667
"303","2000-11-09",30.416667
"304","2000-11-10",24
"305","2000-11-11",20.666667
"306","2000-11-12",28.208333
"307","2000-11-13",35.791667
"308","2000-11-14",36
"309","2000-11-15",39.708333
"310","2000-11-16",37.833333
"311","2000-11-17",41.608696
"312","2000-11-18",28.833333
"313","2000-11-19",40.333333
"314","2000-11-20",38.952381
"315","2000-11-21",29.727273
"316","2000-11-22",33.272727
"317","2000-11-28",41.863636
"318","2000-11-29",42.791667
"319","2000-11-30",43.26087
"320","2000-12-01",45.73913
"321","2000-12-02",35.25
"322","2000-12-03",31.625
"323","2000-12-04",35.409091
"324","2000-12-05",47.428571
"325","2000-12-06",44.5
"326","2000-12-07",47.75
"327","2000-12-08",38.666667
"328","2000-12-09",37.375
"329","2000-12-10",31.291667
"330","2000-12-11",33.291667
"331","2000-12-12",27.142857
"332","2000-12-13",33.958333
"333","2000-12-14",40
"334","2000-12-15",42.25
"335","2000-12-16",39.541667
"336","2000-12-17",42.333333
"337","2000-12-18",31.454545
"338","2000-12-19",51.5
"339","2000-12-20",40.791667
"340","2000-12-21",45.791667
"341","2000-12-22",41.041667
"342","2000-12-23",35.458333
"343","2000-12-24",37.541667
"344","2000-12-25",22.875
"345","2000-12-26",26.956522
"346","2000-12-27",35.666667
"347","2000-12-28",44.590909
"348","2000-12-29",50.318182
"349","2000-12-30",38.125
"350","2000-12-31",36.666667
"351","2001-01-01",36.25
"352","2001-01-02",36.173913
"353","2001-01-03",36.083333
"354","2001-01-04",43.041667
"355","2001-01-05",42.5
"356","2001-01-06",36
"357","2001-01-07",32.333333
"358","2001-01-08",29.458333
"359","2001-01-09",21.545455
"360","2001-01-10",26.458333
"361","2001-01-11",22.190476
"362","2001-01-12",26.125
"363","2001-01-13",28.958333
"364","2001-01-14",31.166667
"365","2001-01-15",25.041667
"366","2001-01-16",27.227273
"367","2001-01-17",36.652174
"368","2001-01-18",41.75
"369","2001-01-19",38.75
"370","2001-01-20",44
"371","2001-01-21",32.166667
"372","2001-01-22",33.791667
"373","2001-01-23",35.5
"374","2001-01-24",35.958333
"375","2001-01-25",31.73913
"376","2001-01-26",32.5
"377","2001-01-27",21.625
"378","2001-01-28",25
"379","2001-01-29",30.809524
"380","2001-01-30",31.772727
"381","2001-01-31",38.041667
"382","2001-02-01",35.25
"383","2001-02-02",43.125
"384","2001-02-03",40.166667
"385","2001-02-04",34.541667
"386","2001-02-05",37.458333
"387","2001-02-06",29.52381
"388","2001-02-07",18.541667
"389","2001-02-08",17.041667
"390","2001-02-09",28.875
"391","2001-02-10",29.125
"392","2001-02-11",32.125
"393","2001-02-12",34.952381
"394","2001-02-13",26.52381
"395","2001-02-14",28.791667
"396","2001-02-15",38.458333
"397","2001-02-16",33
"398","2001-02-17",41
"399","2001-02-18",38.916667
"400","2001-02-19",36.833333
"401","2001-02-20",38.090909
"402","2001-02-21",38.5
"403","2001-02-22",36.666667
"404","2001-02-23",18.541667
"405","2001-02-24",17.458333
"406","2001-02-25",18.875
"407","2001-02-26",26.565217
"408","2001-02-27",25.090909
"409","2001-02-28",27.583333
"410","2001-03-01",35.416667
"411","2001-03-02",31.75
"412","2001-03-03",30.041667
"413","2001-03-04",29.25
"414","2001-03-05",41.791667
"415","2001-03-06",28.272727
"416","2001-03-07",22.75
"417","2001-03-08",32.166667
"418","2001-03-09",27.083333
"419","2001-03-10",14.416667
"420","2001-03-11",24.166667
"421","2001-03-12",32.956522
"422","2001-03-13",32.347826
"423","2001-03-14",30.166667
"424","2001-03-15",33.083333
"425","2001-03-16",30.125
"426","2001-03-17",28.333333
"427","2001-03-18",26.333333
"428","2001-03-19",32.791667
"429","2001-03-20",39.826087
"430","2001-03-21",41.916667
"431","2001-03-22",35.833333
"432","2001-03-23",33.833333
"433","2001-03-24",32.75
"434","2001-03-25",33.5
"435","2001-03-26",37.782609
"436","2001-03-27",32.173913
"437","2001-03-28",33.5
"438","2001-03-29",27.583333
"439","2001-03-30",26.791667
"440","2001-03-31",32.625
"441","2001-04-01",22.5
"442","2001-04-02",16.666667
"443","2001-04-03",16.173913
"444","2001-04-04",24.875
"445","2001-04-05",17.136364
"446","2001-04-06",19.208333
"447","2001-04-07",17.208333
"448","2001-04-08",15.416667
"449","2001-04-09",26.26087
"450","2001-04-10",17.227273
"451","2001-04-11",21.916667
"452","2001-04-12",28.541667
"453","2001-04-13",34.916667
"454","2001-04-14",33.875
"455","2001-04-15",32.083333
"456","2001-04-16",40.916667
"457","2001-04-17",46.105263
"458","2001-04-18",37.875
"459","2001-04-19",40.375
"460","2001-04-20",15.083333
"461","2001-04-21",16.458333
"462","2001-04-22",21.916667
"463","2001-04-23",29.826087
"464","2001-04-24",42
"465","2001-04-25",38.25
"466","2001-04-26",27.916667
"467","2001-04-27",28.75
"468","2001-04-28",18.5
"469","2001-04-29",24.958333
"470","2001-04-30",34.666667
"471","2001-05-01",37.714286
"472","2001-05-02",21.916667
"473","2001-05-03",16.75
"474","2001-05-04",20
"475","2001-05-05",24.666667
"476","2001-05-06",29.916667
"477","2001-05-07",37.380952
"478","2001-05-08",45
"479","2001-05-09",34.166667
"480","2001-05-10",36.458333
"481","2001-05-11",35.458333
"482","2001-05-12",22
"483","2001-05-13",9.333333
"484","2001-05-14",24.333333
"485","2001-05-15",25.363636
"486","2001-05-16",31.75
"487","2001-05-17",31.166667
"488","2001-05-18",24.125
"489","2001-05-19",16.916667
"490","2001-05-20",10.833333
"491","2001-05-21",28.26087
"492","2001-05-22",37.454545
"493","2001-05-23",35.208333
"494","2001-05-24",29.583333
"495","2001-05-25",28.25
"496","2001-05-26",26
"497","2001-05-27",18.458333
"498","2001-05-28",18.541667
"499","2001-05-29",23.083333
"500","2001-05-30",28.083333
"501","2001-05-31",25.954545
"502","2001-06-01",21.47619
"503","2001-06-02",13.625
"504","2001-06-03",11.791667
"505","2001-06-04",22.863636
"506","2001-06-05",29.833333
"507","2001-06-06",30.833333
"508","2001-06-07",35
"509","2001-06-08",29.833333
"510","2001-06-09",25.125
"511","2001-06-10",16.125
"512","2001-06-11",20.25
"513","2001-06-12",16.380952
"514","2001-06-13",12.333333
"515","2001-06-14",24.375
"516","2001-06-15",40.083333
"517","2001-06-16",32.708333
"518","2001-06-17",23.791667
"519","2001-06-18",25.590909
"520","2001-06-19",18.428571
"521","2001-06-20",15.583333
"522","2001-06-21",17.75
"523","2001-06-22",15.125
"524","2001-06-23",15.25
"525","2001-06-24",16.833333
"526","2001-06-25",26
"527","2001-06-26",22.136364
"528","2001-06-27",27.291667
"529","2001-06-28",32.416667
"530","2001-06-29",31.25
"531","2001-06-30",19.25
"532","2001-07-01",16.333333
"533","2001-07-02",27.384615
"534","2001-07-03",16.15
"535","2001-07-04",13.625
"536","2001-07-05",9.666667
"537","2001-07-06",19.75
"538","2001-07-07",22.916667
"539","2001-07-08",19.375
"540","2001-07-09",29.166667
"541","2001-07-10",22.809524
"542","2001-07-11",19.416667
"543","2001-07-12",22.916667
"544","2001-07-13",31.083333
"545","2001-07-14",23.75
"546","2001-07-15",11.833333
"547","2001-07-16",21.565217
"548","2001-07-17",16.857143
"549","2001-07-18",18.291667
"550","2001-07-19",17.291667
"551","2001-07-20",17.75
"552","2001-07-21",14.083333
"553","2001-07-22",12.791667
"554","2001-07-23",25.291667
"555","2001-07-24",19.409091
"556","2001-07-25",15.5
"557","2001-07-26",21.25
"558","2001-07-27",19.875
"559","2001-07-28",12.708333
"560","2001-07-29",4.875
"561","2001-07-30",14.826087
"562","2001-07-31",22.55
"563","2001-08-01",19.47619
"564","2001-08-02",20.75
"565","2001-08-03",12.083333
"566","2001-08-04",13.916667
"567","2001-08-05",15.958333
"568","2001-08-06",25.833333
"569","2001-08-07",28.772727
"570","2001-08-08",25.083333
"571","2001-08-09",15.9375
"572","2001-08-13",18.347826
"573","2001-08-14",25.619048
"574","2001-08-15",27.583333
"575","2001-08-16",29.875
"576","2001-08-17",23.833333
"577","2001-08-18",15.208333
"578","2001-08-19",20.916667
"579","2001-08-20",22.4
"580","2001-08-22",35.375
"581","2001-08-23",39.363636
"582","2001-08-24",40.583333
"583","2001-08-25",34.208333
"584","2001-08-26",27.125
"585","2001-08-27",30.521739
"586","2001-08-28",28.909091
"587","2001-08-29",16.958333
"588","2001-08-30",22.181818
"589","2001-08-31",28.125
"590","2001-09-01",19.041667
"591","2001-09-02",18.708333
"592","2001-09-03",20.083333
"593","2001-09-04",22.318182
"594","2001-09-05",24.666667
"595","2001-09-06",19.363636
"596","2001-09-07",25.708333
"597","2001-09-08",30.125
"598","2001-09-09",33.625
"599","2001-09-10",36.583333
"600","2001-09-11",28.636364
"601","2001-09-12",21.166667
"602","2001-09-13",15.416667
"603","2001-09-14",18.625
"604","2001-09-15",17.625
"605","2001-09-16",12.375
"606","2001-09-17",21.5
"607","2001-09-18",32.363636
"608","2001-09-19",34.666667
"609","2001-09-20",34.47619
"610","2001-09-21",28.458333
"611","2001-09-22",27.458333
"612","2001-09-23",24.75
"613","2001-09-24",23.565217
"614","2001-09-25",30.782609
"615","2001-09-26",31.833333
"616","2001-09-27",37.5
"617","2001-09-28",37.75
"618","2001-09-29",31.666667
"619","2001-09-30",17.125
"620","2001-10-01",21.916667
"621","2001-10-02",24.26087
"622","2001-10-03",16.791667
"623","2001-10-04",21.583333
"624","2001-10-05",21.782609
"625","2001-10-06",19.25
"626","2001-10-07",14.083333
"627","2001-10-08",22.125
"628","2001-10-09",24.913043
"629","2001-10-10",30.791667
"630","2001-10-11",37.333333
"631","2001-10-12",34.388889
"632","2001-10-13",32.458333
"633","2001-10-14",28.333333
"634","2001-10-15",36.714286
"635","2001-10-18",43.4
"636","2001-10-19",48.75
"637","2001-10-20",39.333333
"638","2001-10-21",35.416667
"639","2001-10-22",31.409091
"640","2001-10-23",32.190476
"641","2001-10-24",36.333333
"642","2001-10-25",45.208333
"643","2001-10-26",54.277778
"644","2001-10-27",39.333333
"645","2001-10-28",32.083333
"646","2001-10-29",42.208333
"647","2001-10-30",50.545455
"648","2001-10-31",32.333333
"649","2001-11-01",37.045455
"650","2001-11-02",39.791667
"651","2001-11-03",38.708333
"652","2001-11-04",25.708333
"653","2001-11-05",20.695652
"654","2001-11-06",33.761905
"655","2001-11-07",29.5
"656","2001-11-08",32.625
"657","2001-11-09",28.041667
"658","2001-11-10",26.25
"659","2001-11-11",30.583333
"660","2001-11-12",40.666667
"661","2001-11-13",28.043478
"662","2001-11-14",36.142857
"663","2001-11-15",38.772727
"664","2001-11-16",44.041667
"665","2001-11-17",39.291667
"666","2001-11-18",46.083333
"667","2001-11-19",43.73913
"668","2001-11-20",41.521739
"669","2001-11-21",42.458333
"670","2001-11-22",30.583333
"671","2001-11-23",15.75
"672","2001-11-24",29.125
"673","2001-11-25",23.125
"674","2001-11-26",36.25
"675","2001-11-27",32.818182
"676","2001-11-28",30.375
"677","2001-11-29",32.208333
"678","2001-11-30",37.625
"679","2001-12-01",37.666667
"680","2001-12-02",38.083333
"681","2001-12-03",43.272727
"682","2001-12-04",31.590909
"683","2001-12-05",36.583333
"684","2001-12-06",51.708333
"685","2001-12-07",43.25
"686","2001-12-08",31.208333
"687","2001-12-09",26.208333
"688","2001-12-10",26.708333
"689","2001-12-11",31.619048
"690","2001-12-12",28.916667
"691","2001-12-13",35.125
"692","2001-12-14",35.541667
"693","2001-12-15",29.958333
"694","2001-12-16",34.458333
"695","2001-12-17",53.913043
"696","2001-12-18",56.045455
"697","2001-12-19",48.916667
"698","2001-12-20",46.625
"699","2001-12-21",32.208333
"700","2001-12-22",33.375
"701","2001-12-23",29.541667
"702","2001-12-24",33.909091
"703","2001-12-25",40.333333
"704","2001-12-26",44.291667
"705","2001-12-27",42.916667
"706","2001-12-28",46.652174
"707","2001-12-29",38.875
"708","2001-12-30",38.875
"709","2001-12-31",34.363636
"710","2002-01-01",32.791667
"711","2002-01-02",25.916667
"712","2002-01-03",38.136364
"713","2002-01-04",33.541667
"714","2002-01-05",38.791667
"715","2002-01-06",40.458333
"716","2002-01-07",54.458333
"717","2002-01-08",52.263158
"718","2002-01-09",44.708333
"719","2002-01-10",48.6
"720","2002-01-11",31.666667
"721","2002-01-12",42.708333
"722","2002-01-13",35.5
"723","2002-01-14",43.666667
"724","2002-01-15",48.176471
"725","2002-01-16",46
"726","2002-01-17",41.291667
"727","2002-01-18",44.086957
"728","2002-01-19",43.708333
"729","2002-01-20",39
"730","2002-01-21",45.375
"731","2002-01-22",44
"732","2002-01-23",32.083333
"733","2002-01-24",30.916667
"734","2002-01-25",37.375
"735","2002-01-26",37.916667
"736","2002-01-27",38.583333
"737","2002-01-28",38.714286
"738","2002-01-29",25.952381
"739","2002-01-30",21.708333
"740","2002-01-31",27.826087
"741","2002-02-01",35.708333
"742","2002-02-02",46.125
"743","2002-02-03",39.458333
"744","2002-02-04",45.083333
"745","2002-02-05",40.409091
"746","2002-02-06",44.583333
"747","2002-02-07",44.041667
"748","2002-02-08",44.666667
"749","2002-02-09",27.25
"750","2002-02-10",22.375
"751","2002-02-11",40.913043
"752","2002-02-12",44.545455
"753","2002-02-13",42.708333
"754","2002-02-14",41.5
"755","2002-02-15",43.208333
"756","2002-02-16",45.666667
"757","2002-02-17",27.875
"758","2002-02-18",14.541667
"759","2002-02-19",35.142857
"760","2002-02-20",38.272727
"761","2002-02-21",38.625
"762","2002-02-22",40.541667
"763","2002-02-23",38.166667
"764","2002-02-24",27.958333
"765","2002-02-25",39.136364
"766","2002-02-26",39.227273
"767","2002-02-27",43.875
"768","2002-02-28",34.583333
"769","2002-03-01",25.083333
"770","2002-03-02",15.041667
"771","2002-03-03",28.375
"772","2002-03-04",40.916667
"773","2002-03-05",47.142857
"774","2002-03-12",40.6
"775","2002-03-13",21.47619
"776","2002-03-14",21.043478
"777","2002-03-15",24.708333
"778","2002-03-16",19.75
"779","2002-03-17",15.666667
"780","2002-03-18",21.708333
"781","2002-03-19",36.190476
"782","2002-03-20",44
"783","2002-03-21",36.708333
"784","2002-03-22",37.904762
"785","2002-03-23",19.791667
"786","2002-03-24",6.5
"787","2002-03-25",32.454545
"788","2002-03-26",40.833333
"789","2002-03-27",43.333333
"790","2002-03-28",37.833333
"791","2002-03-29",20.166667
"792","2002-03-30",24.791667
"793","2002-03-31",26.291667
"794","2002-04-01",31.625
"795","2002-04-02",29.7
"796","2002-04-03",29.916667
"797","2002-04-04",34.958333
"798","2002-04-05",30.041667
"799","2002-04-06",16.125
"800","2002-04-07",10.5
"801","2002-04-08",26.409091
"802","2002-04-09",34.954545
"803","2002-04-10",34.916667
"804","2002-04-11",26.333333
"805","2002-04-12",30.75
"806","2002-04-13",29.75
"807","2002-04-14",24.125
"808","2002-04-15",12.458333
"809","2002-04-16",8.454545
"810","2002-04-17",15.291667
"811","2002-04-18",20.625
"812","2002-04-19",19.541667
"813","2002-04-20",14.208333
"814","2002-04-21",27.583333
"815","2002-04-22",38.363636
"816","2002-04-23",32.136364
"817","2002-04-24",30.791667
"818","2002-04-25",13.416667
"819","2002-04-26",11.458333
"820","2002-04-27",13.166667
"821","2002-04-28",25.791667
"822","2002-04-29",34.791667
"823","2002-04-30",23.045455
"824","2002-05-01",19.791667
"825","2002-05-02",29.708333
"826","2002-05-03",35.208333
"827","2002-05-04",33.083333
"828","2002-05-05",29.916667
"829","2002-05-06",33.363636
"830","2002-05-07",23.1
"831","2002-05-08",21.625
"832","2002-05-09",34.208333
"833","2002-05-10",26.875
"834","2002-05-11",15.291667
"835","2002-05-12",22.916667
"836","2002-05-13",42.666667
"837","2002-05-14",31.235294
"838","2002-05-15",23.208333
"839","2002-05-16",25.833333
"840","2002-05-17",28.333333
"841","2002-05-18",19
"842","2002-05-19",16.5
"843","2002-05-20",17.913043
"844","2002-05-21",13.590909
"845","2002-05-22",30.227273
"846","2002-05-23",34.363636
"847","2002-05-24",35.208333
"848","2002-05-25",25.5
"849","2002-05-26",17.166667
"850","2002-05-27",21.708333
"851","2002-05-29",33.625
"852","2002-05-30",31.541667
"853","2002-05-31",26.5
"854","2002-06-01",23.083333
"855","2002-06-02",16.416667
"856","2002-06-03",24.727273
"857","2002-06-04",36.363636
"858","2002-06-05",33.166667
"859","2002-06-06",37.333333
"860","2002-06-07",29.791667
"861","2002-06-08",17.25
"862","2002-06-09",14.541667
"863","2002-06-10",23.5
"864","2002-06-11",29.6
"865","2002-06-12",32.25
"866","2002-06-13",29.208333
"867","2002-06-14",29.166667
"868","2002-06-15",24.75
"869","2002-06-16",15.291667
"870","2002-06-17",27.181818
"871","2002-06-18",36.380952
"872","2002-06-19",32.222222
"873","2002-06-20",20.272727
"874","2002-06-21",17.333333
"875","2002-06-22",19.75
"876","2002-06-23",21.625
"877","2002-06-24",28.958333
"878","2002-06-25",28.681818
"879","2002-06-26",30.208333
"880","2002-06-27",32.375
"881","2002-06-28",30.5
"882","2002-06-29",35.083333
"883","2002-06-30",17.666667
"884","2002-07-01",19.6875
"885","2002-07-02",26.818182
"886","2002-07-03",35.333333
"887","2002-07-04",22.833333
"888","2002-07-08",27.708333
"889","2002-07-09",15.5
"890","2002-07-12",25
"891","2002-07-19",17.75
"892","2002-07-20",11.333333
"893","2002-07-21",7.25
"894","2002-07-22",14.25
"895","2002-07-23",15.545455
"896","2002-07-27",10.875
"897","2002-07-28",14.083333
"898","2002-07-29",27.909091
"899","2002-07-30",32.5
"900","2002-07-31",12.125
"901","2002-08-01",16.47619
"902","2002-08-02",22.833333
"903","2002-08-03",12.875
"904","2002-08-04",12.041667
"905","2002-08-05",14.958333
"906","2002-08-06",23.55
"907","2002-08-07",25.625
"908","2002-08-08",24.208333
"909","2002-08-09",25.458333
"910","2002-08-10",17
"911","2002-08-11",12.916667
"912","2002-08-12",16.714286
"913","2002-08-13",18.428571
"914","2002-08-14",15.791667
"915","2002-08-15",22.875
"916","2002-08-16",21.583333
"917","2002-08-17",19.791667
"918","2002-08-18",10.25
"919","2002-08-19",22.125
"920","2002-08-20",20.695652
"921","2002-08-21",20.416667
"922","2002-08-22",26.625
"923","2002-08-23",28.166667
"924","2002-08-24",26.833333
"925","2002-08-25",27.083333
"926","2002-08-26",36.772727
"927","2002-08-27",26.086957
"928","2002-08-28",21.75
"929","2002-08-29",19.583333
"930","2002-08-30",29.291667
"931","2002-08-31",29.291667
"932","2002-09-01",13.208333
"933","2002-09-02",18.375
"934","2002-09-03",24.190476
"935","2002-09-04",29.958333
"936","2002-09-05",27.333333
"937","2002-09-06",23.208333
"938","2002-09-07",16.708333
"939","2002-09-08",14.625
"940","2002-09-09",27.909091
"941","2002-09-10",21.952381
"942","2002-09-11",26.764706
"943","2002-09-12",31.916667
"944","2002-09-13",34.375
"945","2002-09-14",29.666667
"946","2002-09-15",16.166667
"947","2002-09-16",22.666667
"948","2002-09-17",17.636364
"949","2002-09-18",12.208333
"950","2002-09-19",27.708333
"951","2002-09-20",35.583333
"952","2002-09-21",30.666667
"953","2002-09-22",31.73913
"954","2002-09-23",38.227273
"955","2002-09-24",38.380952
"956","2002-09-25",37.875
"957","2002-09-26",34.208333
"958","2002-09-27",23.708333
"959","2002-09-28",20.083333
"960","2002-09-29",18.583333
"961","2002-09-30",27.25
"962","2002-10-01",17
"963","2002-10-02",21.458333
"964","2002-10-03",33.363636
"965","2002-10-04",38.125
"966","2002-10-05",43.458333
"967","2002-10-06",37.666667
"968","2002-10-07",39.809524
"969","2002-10-08",34.095238
"970","2002-10-09",36.75
"971","2002-10-10",40.25
"972","2002-10-11",41.041667
"973","2002-10-12",38.625
"974","2002-10-13",24.875
"975","2002-10-14",30.5
"976","2002-10-15",47.086957
"977","2002-10-16",34.666667
"978","2002-10-17",23.041667
"979","2002-10-18",29.5
"980","2002-10-19",32.958333
"981","2002-10-20",41.541667
"982","2002-10-21",41.818182
"983","2002-10-22",34.318182
"984","2002-10-23",30.125
"985","2002-10-24",36.083333
"986","2002-10-25",36.583333
"987","2002-10-26",34.416667
"988","2002-10-27",28.25
"989","2002-10-28",35.583333
"990","2002-10-29",35.636364
"991","2002-10-30",37.791667
"992","2002-10-31",39.958333
"993","2002-11-01",42.5
"994","2002-11-02",33.666667
"995","2002-11-03",40.333333
"996","2002-11-04",34.818182
"997","2002-11-05",42.47619
"998","2002-11-06",50.333333
"999","2002-11-07",46.2
"1000","2002-11-08",42.583333
"1001","2002-11-09",14.875
"1002","2002-11-10",15.913043
"1003","2002-11-11",32.208333
"1004","2002-11-12",32.15
"1005","2002-11-13",45.583333
"1006","2002-11-14",44.25
"1007","2002-11-15",32.166667
"1008","2002-11-16",25.708333
"1009","2002-11-17",40.916667
"1010","2002-11-18",49.478261
"1011","2002-11-19",57.863636
"1012","2002-11-20",34.625
"1013","2002-11-21",40.458333
"1014","2002-11-22",49.041667
"1015","2002-11-23",40.625
"1016","2002-11-24",37.583333
"1017","2002-11-25",41.916667
"1018","2002-11-26",27.217391
"1019","2002-11-27",18.833333
"1020","2002-11-28",21.291667
"1021","2002-11-29",27.458333
"1022","2002-11-30",21
"1023","2002-12-01",28.083333
"1024","2002-12-02",33.1875
"1025","2002-12-03",35.863636
"1026","2002-12-04",37
"1027","2002-12-05",38.333333
"1028","2002-12-06",40.8
"1029","2002-12-09",37.666667
"1030","2002-12-10",54.181818
"1031","2002-12-11",36.416667
"1032","2002-12-12",36.25
"1033","2002-12-13",37.916667
"1034","2002-12-14",35
"1035","2002-12-15",34.458333
"1036","2002-12-16",34.944444
"1037","2002-12-17",21
"1038","2002-12-18",23.5
"1039","2002-12-19",30.125
"1040","2002-12-20",27.8
"1041","2002-12-21",35.541667
"1042","2002-12-22",30.208333
"1043","2002-12-23",29.478261
"1044","2002-12-24",28.75
"1045","2002-12-31",35.857143
"1046","2003-01-01",40
"1047","2003-01-02",40
"1048","2003-01-03",42.291667
"1049","2003-01-04",45.708333
"1050","2003-01-05",32.958333
"1051","2003-01-06",36.25
"1052","2003-01-07",21.173913
"1053","2003-01-08",30.458333
"1054","2003-01-09",27.125
"1055","2003-01-10",31.958333
"1056","2003-01-11",28.416667
"1057","2003-01-12",30.541667
"1058","2003-01-13",42.15
"1059","2003-01-14",47
"1060","2003-01-15",40.5
"1061","2003-01-16",53.666667
"1062","2003-01-17",48.727273
"1063","2003-01-18",34.916667
"1064","2003-01-19",32.75
"1065","2003-01-20",34.875
"1066","2003-01-21",33.857143
"1067","2003-01-22",32
"1068","2003-01-23",46.583333
"1069","2003-01-24",44.291667
"1070","2003-01-25",36.958333
"1071","2003-01-26",38.75
"1072","2003-01-27",38.863636
"1073","2003-01-28",40.380952
"1074","2003-01-29",45.375
"1075","2003-01-30",49.391304
"1076","2003-01-31",49.125
"1077","2003-02-03",30.75
"1078","2003-02-04",39.291667
"1079","2003-02-05",29.333333
"1080","2003-02-06",33.916667
"1081","2003-02-07",48.470588
"1082","2003-02-08",32.380952
"1083","2003-02-09",25.52381
"1084","2003-02-10",42.736842
"1085","2003-02-11",44.708333
"1086","2003-02-12",40.458333
"1087","2003-02-13",22.888889
"1088","2003-02-14",29.083333
"1089","2003-02-15",26.041667
"1090","2003-02-16",27.166667
"1091","2003-02-17",33
"1092","2003-02-18",33.25
"1093","2003-02-19",35.875
"1094","2003-02-20",33.416667
"1095","2003-02-21",35.15
"1096","2003-02-22",32.291667
"1097","2003-02-23",32.791667
"1098","2003-02-24",34.25
"1099","2003-02-25",19
"1100","2003-02-26",28.791667
"1101","2003-02-27",27.263158
"1102","2003-02-28",22.5
"1103","2003-03-01",20.125
"1104","2003-03-02",22.166667
"1105","2003-03-03",31.583333
"1106","2003-03-04",29.625
"1107","2003-03-05",29.708333
"1108","2003-03-06",35.1
"1109","2003-03-07",38.625
"1110","2003-03-08",34.333333
"1111","2003-03-09",34.541667
"1112","2003-03-10",43.4
"1113","2003-03-11",41.26087
"1114","2003-03-12",36.458333
"1115","2003-03-13",46.238095
"1116","2003-03-14",40.681818
"1117","2003-03-15",30.666667
"1118","2003-03-16",18.083333
"1119","2003-03-17",26.315789
"1120","2003-03-18",22.666667
"1121","2003-03-19",31.166667
"1122","2003-03-20",26.666667
"1123","2003-03-21",25.375
"1124","2003-03-22",30.458333
"1125","2003-03-23",30.791667
"1126","2003-03-24",33.095238
"1127","2003-03-25",36.791667
"1128","2003-03-26",33.857143
"1129","2003-03-27",25.190476
"1130","2003-03-28",17.375
"1131","2003-03-29",20.208333
"1132","2003-03-30",32.708333
"1133","2003-03-31",38.166667
"1134","2003-04-01",26.875
"1135","2003-04-02",21.458333
"1136","2003-04-03",21.714286
"1137","2003-04-04",28.5
"1138","2003-04-05",15.375
"1139","2003-04-06",26.708333
"1140","2003-04-07",35.227273
"1141","2003-04-08",34.263158
"1142","2003-04-09",43.1
"1143","2003-04-10",39.761905
"1144","2003-04-11",36
"1145","2003-04-12",28.625
"1146","2003-04-13",20.958333
"1147","2003-04-14",16.416667
"1148","2003-04-15",15.590909
"1149","2003-04-16",29.958333
"1150","2003-04-17",24.5
"1151","2003-04-18",20.041667
"1152","2003-04-19",24.208333
"1153","2003-04-20",27.333333
"1154","2003-04-21",23.521739
"1155","2003-04-22",12.227273
"1156","2003-04-23",21.625
"1157","2003-04-24",33.909091
"1158","2003-04-25",30
"1159","2003-04-26",24.25
"1160","2003-04-27",24.5
"1161","2003-04-28",26.25
"1162","2003-04-29",22.409091
"1163","2003-04-30",26.041667
"1164","2003-05-01",39.238095
"1165","2003-05-02",27.458333
"1166","2003-05-03",13.541667
"1167","2003-05-04",9.125
"1168","2003-05-05",25.52381
"1169","2003-05-06",24.583333
"1170","2003-05-07",12.458333
"1171","2003-05-08",10.652174
"1172","2003-05-09",14.375
"1173","2003-05-10",30.541667
"1174","2003-05-11",30.875
"1175","2003-05-12",38.458333
"1176","2003-05-13",40.75
"1177","2003-05-14",39.666667
"1178","2003-05-15",20.090909
"1179","2003-05-16",39.666667
"1180","2003-05-17",26.458333
"1181","2003-05-18",19.916667
"1182","2003-05-19",34.136364
"1183","2003-05-20",37
"1184","2003-05-21",36.416667
"1185","2003-05-22",35
"1186","2003-05-23",30.727273
"1187","2003-05-24",19.166667
"1188","2003-05-25",19.458333
"1189","2003-05-26",21.25
"1190","2003-05-27",35.625
"1191","2003-05-28",28
"1192","2003-05-29",17.363636
"1193","2003-05-30",18.043478
"1194","2003-05-31",16.25
"1195","2003-06-01",15.125
"1196","2003-06-02",20.952381
"1197","2003-06-03",17.791667
"1198","2003-06-04",19.833333
"1199","2003-06-05",18.666667
"1200","2003-06-06",12.291667
"1201","2003-06-07",8.791667
"1202","2003-06-08",9.826087
"1203","2003-06-09",10.625
"1204","2003-06-10",13
"1205","2003-06-11",16.090909
"1206","2003-06-12",22.45
"1207","2003-06-13",20.875
"1208","2003-06-14",22.875
"1209","2003-06-15",20.458333
"1210","2003-06-16",23.095238
"1211","2003-06-17",29.2
"1212","2003-06-18",21.708333
"1213","2003-06-19",20.166667
"1214","2003-06-20",17.75
"1215","2003-06-21",17.708333
"1216","2003-06-22",15.625
"1217","2003-06-23",17.291667
"1218","2003-06-24",28.1
"1219","2003-06-25",27.478261
"1220","2003-06-26",34.916667
"1221","2003-06-27",32.916667
"1222","2003-06-28",29.125
"1223","2003-06-29",22.833333
"1224","2003-06-30",21.590909
"1225","2003-07-01",17.666667
"1226","2003-07-02",16.458333
"1227","2003-07-03",25.166667
"1228","2003-07-04",24.291667
"1229","2003-07-05",22.208333
"1230","2003-07-06",12.958333
"1231","2003-07-07",17.25
"1232","2003-07-08",27.086957
"1233","2003-07-09",25.416667
"1234","2003-07-10",24.5
"1235","2003-07-11",14.142857
"1236","2003-07-12",15.916667
"1237","2003-07-13",13.625
"1238","2003-07-14",19
"1239","2003-07-15",19.857143
"1240","2003-07-16",28.75
"1241","2003-07-17",21.625
"1242","2003-07-18",12.416667
"1243","2003-07-19",9.958333
"1244","2003-07-20",10.708333
"1245","2003-07-21",13.125
"1246","2003-07-22",16.238095
"1247","2003-07-23",15.541667
"1248","2003-07-24",14.833333
"1249","2003-07-25",16.916667
"1250","2003-07-26",8.25
"1251","2003-07-27",8.708333
"1252","2003-07-28",13.5
"1253","2003-07-29",14.05
"1254","2003-07-30",16.125
"1255","2003-07-31",18.083333
"1256","2003-10-01",35.875
"1257","2003-10-02",38.25
"1258","2003-10-03",20.166667
"1259","2003-10-04",25.666667
"1260","2003-10-05",24
"1261","2003-10-06",31.458333
"1262","2003-10-07",25.541667
"1263","2003-10-08",29
"1264","2003-10-09",23.625
"1265","2003-10-10",21.791667
"1266","2003-10-11",26.875
"1267","2003-10-12",24.875
"1268","2003-10-13",31.583333
"1269","2003-10-14",34.708333
"1270","2003-10-15",35
"1271","2003-10-17",40.875
"1272","2003-10-18",40.125
"1273","2003-10-19",40.5
"1274","2003-10-20",46.318182
"1275","2003-10-21",46.409091
"1276","2003-10-22",42.041667
"1277","2003-10-23",43.541667
"1278","2003-10-24",45.125
"1279","2003-10-25",30.25
"1280","2003-10-26",20.875
"1281","2003-10-27",41.875
"1282","2003-10-28",38.863636
"1283","2003-10-29",37.666667
"1284","2003-10-30",26.304348
"1285","2003-10-31",23.458333
"1286","2003-11-01",29.958333
"1287","2003-11-02",20.833333
"1288","2003-11-03",17.545455
"1289","2003-11-04",34.772727
"1290","2003-11-05",39.291667
"1291","2003-11-06",47.416667
"1292","2003-11-07",42.208333
"1293","2003-11-08",36.333333
"1294","2003-11-09",33.708333
"1295","2003-11-10",36.5
"1296","2003-11-11",29.791667
"1297","2003-11-12",23.181818
"1298","2003-11-13",28.458333
"1299","2003-11-14",34.5
"1300","2003-11-15",26.125
"1301","2003-11-16",23.791667
"1302","2003-11-17",32.818182
"1303","2003-11-19",41.238095
"1304","2003-11-20",38.5
"1305","2003-11-21",35.541667
"1306","2003-11-22",18.625
"1307","2003-11-23",29.916667
"1308","2003-11-24",39.727273
"1309","2003-11-25",41.75
"1310","2003-11-26",38.458333
"1311","2003-11-27",30.916667
"1312","2003-11-28",24.875
"1313","2003-11-29",32.708333
"1314","2003-11-30",35
"1315","2003-12-01",44.727273
"1316","2003-12-02",51.458333
"1317","2003-12-03",55.181818
"1318","2003-12-04",54.333333
"1319","2003-12-05",41.833333
"1320","2003-12-06",38.043478
"1321","2003-12-07",35.291667
"1322","2003-12-08",18.208333
"1323","2003-12-09",33.541667
"1324","2003-12-10",42.478261
"1325","2003-12-11",32.416667
"1326","2003-12-12",32.833333
"1327","2003-12-13",30.666667
"1328","2003-12-14",28.5
"1329","2003-12-15",29.291667
"1330","2003-12-16",28.727273
"1331","2003-12-17",45.909091
"1332","2003-12-18",53.833333
"1333","2003-12-19",44.833333
"1334","2003-12-20",39.208333
"1335","2003-12-21",30.083333
"1336","2003-12-22",40.041667
"1337","2003-12-23",27.291667
"1338","2003-12-24",34.545455
"1339","2003-12-25",22.916667
"1340","2003-12-26",16.75
"1341","2003-12-27",23.291667
"1342","2003-12-28",29.416667
"1343","2003-12-29",31.166667
"1344","2003-12-30",44.363636
"1345","2003-12-31",42.047619
"1346","2004-01-01",26.291667
"1347","2004-01-02",26.375
"1348","2004-01-03",24.083333
"1349","2004-01-04",33.375
"1350","2004-01-05",44.125
"1351","2004-01-06",50.75
"1352","2004-01-07",58
"1353","2004-01-08",49.25
"1354","2004-01-09",43.285714
"1355","2004-01-10",24.75
"1356","2004-01-11",32.208333
"1357","2004-01-12",29.428571
"1358","2004-01-13",36.25
"1359","2004-01-14",32.571429
"1360","2004-01-15",24.083333
"1361","2004-01-16",31.041667
"1362","2004-01-17",32.416667
"1363","2004-01-18",32.041667
"1364","2004-01-19",34.875
"1365","2004-01-20",33.708333
"1366","2004-01-21",22.380952
"1367","2004-01-22",23.208333
"1368","2004-01-23",30.833333
"1369","2004-01-24",26.125
"1370","2004-01-25",23.5
"1371","2004-01-26",39.272727
"1372","2004-01-27",34.75
"1373","2004-01-28",35.318182
"1374","2004-01-29",38.083333
"1375","2004-01-30",35.875
"1376","2004-01-31",26.541667
"1377","2004-02-01",23.25
"1378","2004-02-02",32.227273
"1379","2004-02-03",31.041667
"1380","2004-02-04",26.25
"1381","2004-02-05",34.125
"1382","2004-02-06",39.541667
"1383","2004-02-07",37.458333
"1384","2004-02-08",32.125
"1385","2004-02-09",39.454545
"1386","2004-02-10",35.833333
"1387","2004-02-11",34.090909
"1388","2004-02-12",28
"1389","2004-02-13",32.25
"1390","2004-02-14",35.458333
"1391","2004-02-15",31.75
"1392","2004-02-16",38.583333
"1393","2004-02-17",44.541667
"1394","2004-02-18",42.590909
"1395","2004-02-19",21.083333
"1396","2004-02-20",34.541667
"1397","2004-02-21",25.166667
"1398","2004-02-22",21.25
"1399","2004-02-23",23.666667
"1400","2004-02-24",30.166667
"1401","2004-02-25",29.863636
"1402","2004-02-26",32.958333
"1403","2004-02-27",26.708333
"1404","2004-02-28",26.375
"1405","2004-02-29",27.166667
"1406","2004-03-01",32.333333
"1407","2004-03-02",29.041667
"1408","2004-03-03",24.045455
"1409","2004-03-04",23.545455
"1410","2004-03-05",28.772727
"1411","2004-03-06",30.833333
"1412","2004-03-07",29
"1413","2004-03-08",37.454545
"1414","2004-03-09",39.583333
"1415","2004-03-10",38.318182
"1416","2004-03-11",34.952381
"1417","2004-03-12",18.375
"1418","2004-03-13",18.666667
"1419","2004-03-14",22.291667
"1420","2004-03-15",29.95
"1421","2004-03-16",33.125
"1422","2004-03-17",35.590909
"1423","2004-03-19",40.4
"1424","2004-03-20",41.041667
"1425","2004-03-21",22.458333
"1426","2004-03-22",19.714286
"1427","2004-03-23",25.083333
"1428","2004-03-24",23.958333
"1429","2004-03-25",24.73913
"1430","2004-03-26",21.4
"1431","2004-04-05",22.047619
"1432","2004-04-06",22.125
"1433","2004-04-07",22.391304
"1434","2004-04-08",28.958333
"1435","2004-04-09",25.083333
"1436","2004-04-10",19.291667
"1437","2004-04-11",11.958333
"1438","2004-04-12",26.875
"1439","2004-04-13",28.208333
"1440","2004-04-14",32.238095
"1441","2004-04-15",22.5
"1442","2004-04-21",31.136364
"1443","2004-04-22",17.875
"1444","2004-04-23",22.166667
"1445","2004-04-24",22.5
"1446","2004-04-25",28.166667
"1447","2004-04-26",33.541667
"1448","2004-04-27",25.708333
"1449","2004-04-28",16.318182
"1450","2004-04-29",11.208333
"1451","2004-04-30",26.75
"1452","2004-05-01",20.916667
"1453","2004-05-02",23.458333
"1454","2004-05-03",22.470588
"1455","2004-05-04",17.769231
"1456","2004-05-05",24.272727
"1457","2004-05-06",27.291667
"1458","2004-05-07",28.791667
"1459","2004-05-08",23.083333
"1460","2004-05-09",13.625
"1461","2004-05-10",14.333333
"1462","2004-05-11",14.25
"1463","2004-05-12",12.363636
"1464","2004-05-13",30.875
"1465","2004-05-14",36.416667
"1466","2004-05-15",25.958333
"1467","2004-05-16",16.125
"1468","2004-05-17",19.727273
"1469","2004-05-18",20.541667
"1470","2004-05-19",18.272727
"1471","2004-05-20",19.045455
"1472","2004-05-21",13.958333
"1473","2004-05-22",15.291667
"1474","2004-05-23",18.25
"1475","2004-05-24",18
"1476","2004-05-25",19.25
"1477","2004-05-26",19.409091
"1478","2004-05-27",23.375
"1479","2004-05-28",20.916667
"1480","2004-05-29",8.041667
"1481","2004-05-30",8.875
"1482","2004-05-31",20.916667
"1483","2004-06-01",26
"1484","2004-06-02",29.772727
"1485","2004-06-03",26.458333
"1486","2004-06-04",25.166667
"1487","2004-06-05",21.25
"1488","2004-06-06",15.458333
"1489","2004-06-07",14.5
"1490","2004-06-08",15.590909
"1491","2004-06-09",16.588235
"1492","2004-06-10",23.5
"1493","2004-06-11",32.125
"1494","2004-06-12",27.791667
"1495","2004-06-13",19.583333
"1496","2004-06-14",21.681818
"1497","2004-06-15",20.083333
"1498","2004-06-16",15.727273
"1499","2004-06-17",17.958333
"1500","2004-06-18",15.416667
"1501","2004-06-19",14.416667
"1502","2004-06-20",14.041667
"1503","2004-06-21",20.25
"1504","2004-06-22",18.958333
"1505","2004-06-23",18.75
"1506","2004-06-24",23.863636
"1507","2004-06-25",18.083333
"1508","2004-06-26",20.541667
"1509","2004-06-27",16.125
"1510","2004-06-28",19.190476
"1511","2004-06-29",19.083333
"1512","2004-06-30",21.045455
"1513","2004-07-01",26.166667
"1514","2004-07-02",24.541667
"1515","2004-07-03",14.5
"1516","2004-07-04",21.5
"1517","2004-07-05",24.416667
"1518","2004-07-06",31.083333
"1519","2004-07-07",24
"1520","2004-07-08",17.916667
"1521","2004-07-09",21.791667
"1522","2004-07-10",16.875
"1523","2004-07-11",12.833333
"1524","2004-07-12",17.363636
"1525","2004-07-13",14
"1526","2004-07-14",11.090909
"1527","2004-07-16",17.75
"1528","2004-07-17",14.458333
"1529","2004-07-18",14.125
"1530","2004-07-19",15.583333
"1531","2004-07-20",20.304348
"1532","2004-07-21",15.875
"1533","2004-07-22",14.375
"1534","2004-07-23",13.25
"1535","2004-07-24",10.75
"1536","2004-07-25",11.458333
"1537","2004-07-26",13.318182
"1538","2004-07-27",15.318182
"1539","2004-07-28",14.25
"1540","2004-07-29",15.166667
"1541","2004-07-30",21.75
"1542","2004-07-31",18.916667
"1543","2004-08-01",13.375
"1544","2004-08-02",15.583333
"1545","2004-08-03",15.75
"1546","2004-08-04",21.285714
"1547","2004-08-05",20.333333
"1548","2004-08-06",25.083333
"1549","2004-08-07",18.458333
"1550","2004-08-08",14.166667
"1551","2004-08-09",14.954545
"1552","2004-08-10",18.416667
"1553","2004-08-11",21.391304
"1554","2004-08-12",17
"1555","2004-08-13",22.333333
"1556","2004-08-14",14.416667
"1557","2004-08-15",15.708333
"1558","2004-08-16",15.583333
"1559","2004-08-17",18
"1560","2004-08-18",16.458333
"1561","2004-08-19",23.227273
"1562","2004-08-20",24.958333
"1563","2004-08-21",23.291667
"1564","2004-08-22",12.5
"1565","2004-08-23",14.272727
"1566","2004-08-24",16.875
"1567","2004-08-25",17.041667
"1568","2004-08-26",24.227273
"1569","2004-08-27",26.041667
"1570","2004-08-28",26.166667
"1571","2004-08-29",22.875
"1572","2004-08-30",26.25
"1573","2004-08-31",30.041667
"1574","2004-09-01",27.875
"1575","2004-09-02",22.136364
"1576","2004-09-03",12.75
"1577","2004-09-04",14.541667
"1578","2004-09-05",22.25
"1579","2004-09-06",29.25
"1580","2004-09-07",25.208333
"1581","2004-09-08",19
"1582","2004-09-09",29.75
"1583","2004-09-10",36.636364
"1584","2004-09-11",33.083333
"1585","2004-09-12",20
"1586","2004-09-13",15.409091
"1587","2004-09-14",20.666667
"1588","2004-09-15",27
"1589","2004-09-16",31.954545
"1590","2004-09-17",32.708333
"1591","2004-09-18",18.833333
"1592","2004-09-19",10.583333
"1593","2004-09-20",14.181818
"1594","2004-09-21",29.583333
"1595","2004-09-22",33.125
"1596","2004-09-23",41.190476
"1597","2004-09-24",39.041667
"1598","2004-09-25",22.458333
"1599","2004-09-26",12.166667
"1600","2004-09-27",24.666667
"1601","2004-09-28",22.25
"1602","2004-09-29",13.047619
"1603","2004-09-30",23.791667
"1604","2004-10-01",25.458333
"1605","2004-10-02",26.833333
"1606","2004-10-03",25.708333
"1607","2004-10-04",35.363636
"1608","2004-10-05",31.166667
"1609","2004-10-06",32.541667
"1610","2004-10-07",35.217391
"1611","2004-10-08",38.25
"1612","2004-10-09",28.541667
"1613","2004-10-10",15.583333
"1614","2004-10-11",23.458333
"1615","2004-10-12",26.25
"1616","2004-10-13",22.625
"1617","2004-10-14",30.636364
"1618","2004-10-15",36.708333
"1619","2004-10-16",30.208333
"1620","2004-10-17",10.791667
"1621","2004-10-18",14.818182
"1622","2004-10-19",22.041667
"1623","2004-10-20",14.666667
"1624","2004-10-21",15.318182
"1625","2004-10-22",23.625
"1626","2004-10-23",26.083333
"1627","2004-10-24",24.916667
"1628","2004-10-25",23
"1629","2004-10-26",21.416667
"1630","2004-10-27",8.181818
"1631","2004-10-28",16.55
"1632","2004-10-29",26
"1633","2004-10-30",26
"1634","2004-10-31",18.125
"1635","2004-11-01",15.727273
"1636","2004-11-02",35.272727
"1637","2004-11-03",33.5
"1638","2004-11-04",36.478261
"1639","2004-11-05",37.458333
"1640","2004-11-06",25.958333
"1641","2004-11-07",22.291667
"1642","2004-11-08",19.708333
"1643","2004-11-09",25.347826
"1644","2004-11-10",27.5
"1645","2004-11-11",27.125
"1646","2004-11-12",25.166667
"1647","2004-11-13",22.375
"1648","2004-11-14",14.263158
"1649","2004-11-15",16.714286
"1650","2004-11-16",24.227273
"1651","2004-11-17",26.166667
"1652","2004-11-18",29.208333
"1653","2004-11-19",35.052632
"1654","2004-11-20",30.666667
"1655","2004-11-21",16.833333
"1656","2004-11-22",16.5
"1657","2004-11-23",18.045455
"1658","2004-11-24",29.809524
"1659","2004-11-25",21.416667
"1660","2004-11-26",24
"1661","2004-11-27",25.875
"1662","2004-11-28",14.958333
"1663","2004-11-29",20.818182
"1664","2004-12-13",35.285714
"1665","2004-12-14",17.541667
"1666","2004-12-15",34.428571
"1667","2004-12-16",30.541667
"1668","2004-12-17",27
"1669","2004-12-18",35.125
"1670","2004-12-19",28
"1671","2004-12-20",37.833333
"1672","2004-12-21",36.416667
"1673","2004-12-22",36.5
"1674","2004-12-30",29.533333
"1675","2004-12-31",30.833333
"1676","2005-01-01",27.541667
"1677","2005-01-02",21.416667
"1678","2005-01-03",21.166667
"1679","2005-01-04",24.772727
"1680","2005-01-05",27.869565
"1681","2005-01-06",29.291667
"1682","2005-01-07",26.125
"1683","2005-01-08",30.208333
"1684","2005-01-09",26.666667
"1685","2005-01-10",31.583333
"1686","2005-01-11",18.083333
"1687","2005-01-12",28.318182
"1688","2005-01-13",33.285714
"1689","2005-01-14",42.041667
"1690","2005-01-15",37.041667
"1691","2005-01-16",37.833333
"1692","2005-01-17",45.916667
"1693","2005-01-18",37.916667
"1694","2005-01-19",42.227273
"1695","2005-01-20",40.333333
"1696","2005-01-21",31.636364
"1697","2005-01-22",25.875
"1698","2005-01-23",18.5
"1699","2005-01-24",22.166667
"1700","2005-01-25",25.958333
"1701","2005-01-26",27.681818
"1702","2005-01-27",19.958333
"1703","2005-01-28",26.583333
"1704","2005-01-29",21.541667
"1705","2005-01-30",25.5
"1706","2005-01-31",25.636364
"1707","2005-02-01",29.791667
"1708","2005-02-02",29.714286
"1709","2005-02-03",17.708333
"1710","2005-02-04",25.090909
"1711","2005-02-05",24.625
"1712","2005-02-06",21.916667
"1713","2005-02-07",22
"1714","2005-02-08",32.291667
"1715","2005-02-09",34.090909
"1716","2005-02-10",28.875
"1717","2005-02-11",19.833333
"1718","2005-02-12",17
"1719","2005-02-13",23.125
"1720","2005-02-14",30.727273
"1721","2005-02-15",37.416667
"1722","2005-02-16",37.727273
"1723","2005-02-17",29.125
"1724","2005-02-18",25.25
"1725","2005-02-19",20.125
"1726","2005-02-20",18.583333
"1727","2005-02-21",17.958333
"1728","2005-02-22",18.875
"1729","2005-02-23",21.454545
"1730","2005-02-24",25.416667
"1731","2005-02-25",29.136364
"1732","2005-02-26",21.583333
"1733","2005-02-27",23.5
"1734","2005-02-28",27.333333
"1735","2005-03-01",30.791667
"1736","2005-03-02",30.090909
"1737","2005-03-03",28.208333
"1738","2005-03-04",19.75
"1739","2005-03-05",14.1875
"1740","2005-03-06",18.833333
"1741","2005-03-07",23.5
"1742","2005-03-08",27.6458335
"1743","2005-03-09",33.403409
"1744","2005-03-10",33.3125
"1745","2005-03-11",35.7916665
"1746","2005-03-12",27.395833
"1747","2005-03-13",20.0625
"1748","2005-03-14",15.7916665
"1749","2005-03-15",17.75
"1750","2005-03-16",29.7234845
"1751","2005-03-17",31.395833
"1752","2005-03-18",26.395833
"1753","2005-03-19",14.958333
"1754","2005-03-20",15.25
"1755","2005-03-21",28.2954545
"1756","2005-03-22",27.6666665
"1757","2005-03-23",18.162879
"1758","2005-03-24",17.229167
"1759","2005-03-25",16.375
"1760","2005-03-26",21.0625
"1761","2005-03-27",27
"1762","2005-03-28",24.2916665
"1763","2005-03-29",16.1875
"1764","2005-03-30",20.5446425
"1765","2005-03-31",11.9583335
"1766","2005-04-01",20.125
"1767","2005-04-02",29.7333333333333
"1768","2005-04-03",19.1819443333333
"1769","2005-04-04",21.579924
"1770","2005-04-05",28.810024
"1771","2005-04-06",35.6786836666667
"1772","2005-04-07",29.0027776666667
"1773","2005-04-08",17.6888886666667
"1774","2005-04-09",9.852778
"1775","2005-04-10",15.8805553333333
"1776","2005-04-11",27.3936506666667
"1777","2005-04-12",33.5807543333333
"1778","2005-04-13",34.1305553333333
"1779","2005-04-14",30.7305556666667
"1780","2005-04-15",36.3888886666667
"1781","2005-04-16",35.7972223333333
"1782","2005-04-17",22.5930556666667
"1783","2005-04-18",16.3414253333333
"1784","2005-04-19",14.7047616666667
"1785","2005-04-20",23.576389
"1786","2005-04-21",35.358333
"1787","2005-04-22",40.7902776666667
"1788","2005-04-23",20.2416666666667
"1789","2005-04-24",9.51527766666667
"1790","2005-04-25",18.9727273333333
"1791","2005-04-26",24.899495
"1792","2005-04-27",20.2972223333333
"1793","2005-04-28",16.6111113333333
"1794","2005-04-29",16.597222
"1795","2005-04-30",23.0708333333333
"1796","2005-05-01",22.6680556666667
"1797","2005-05-02",25.4816993333333
"1798","2005-05-03",24.5116163333333
"1799","2005-05-04",26.3097223333333
"1800","2005-05-05",14.998611
"1801","2005-05-06",12.809722
"1802","2005-05-07",19.7194443333333
"1803","2005-05-08",20.5770835
"1804","2005-05-09",15.1656563333333
"1805","2005-05-10",12.2525363333333
"1806","2005-05-11",25.2662036666667
"1807","2005-05-12",26.2444443333333
"1808","2005-05-13",31.4780193333333
"1809","2005-05-14",29.5291665
"1810","2005-05-15",25.2125
"1811","2005-05-16",19.4653713333333
"1812","2005-05-17",15.125
"1813","2005-05-18",28.125
"1814","2005-05-19",33.5777776666667
"1815","2005-05-20",31.9027776666667
"1816","2005-05-21",26.2097223333333
"1817","2005-05-22",25.163889
"1818","2005-05-23",24.3051946666667
"1819","2005-05-24",18.453788
"1820","2005-05-25",23.711111
"1821","2005-05-26",27.551389
"1822","2005-05-27",15.6430556666667
"1823","2005-05-28",8.49305533333333
"1824","2005-05-29",6.90555566666667
"1825","2005-05-30",11.2055553333333
"1826","2005-05-31",29.5314033333333
"1827","2005-06-01",20.5986113333333
"1828","2005-06-02",17.377778
"1829","2005-06-03",17.675
"1830","2005-06-04",18.0583333333333
"1831","2005-06-05",7.77222233333333
"1832","2005-06-06",15.2128786666667
"1833","2005-06-07",24.3786613333333
"1834","2005-06-08",19.1625
"1835","2005-06-09",17.0833333333333
"1836","2005-06-10",18.848611
"1837","2005-06-11",11.3499996666667
"1838","2005-06-12",12.226389
"1839","2005-06-13",20.9737793333333
"1840","2005-06-14",25.2464286666667
"1841","2005-06-15",21.615278
"1842","2005-06-16",18.360119
"1843","2005-06-17",21.3236113333333
"1844","2005-06-18",24.5194446666667
"1845","2005-06-19",24.1597223333333
"1846","2005-06-20",28.972619
"1847","2005-06-21",20.178283
"1848","2005-06-22",14.0805556666667
"1849","2005-06-23",17.936111
"1850","2005-06-24",16.3930556666667
"1851","2005-06-25",17.0861113333333
"1852","2005-06-26",16.036111
"1853","2005-06-27",26.2049343333333
"1854","2005-06-28",21.984217
"1855","2005-06-29",34.140278
"1856","2005-06-30",32.1694446666667
"1857","2005-07-01",27.463889
"1858","2005-07-02",18.648611
"1859","2005-07-03",18.9222223333333
"1860","2005-07-04",20.65
"1861","2005-07-05",24.3507936666667
"1862","2005-07-06",26.5819443333333
"1863","2005-07-07",21.572601
"1864","2005-07-08",20.9678573333333
"1865","2005-07-09",19.4555556666667
"1866","2005-07-10",17.4611113333333
"1867","2005-07-11",26.6243686666667
"1868","2005-07-12",29.2527776666667
"1869","2005-07-13",27.0305556666667
"1870","2005-07-14",19.491667
"1871","2005-07-15",17.9736113333333
"1872","2005-07-16",14.883333
"1873","2005-07-17",10.5746213333333
"1874","2005-07-18",16.6436506666667
"1875","2005-07-19",16.8693183333333
"1876","2005-07-20",12.4954546666667
"1877","2005-07-21",15.198611
"1878","2005-07-22",11.6041666666667
"1879","2005-07-23",11.075
"1880","2005-07-24",8.77083333333333
"1881","2005-07-25",11.654419
"1882","2005-07-26",12.1791663333333
"1883","2005-07-27",13.7972223333333
"1884","2005-07-28",15.381692
"1885","2005-07-29",13.5704546666667
"1886","2005-07-30",9.63472233333333
"1887","2005-07-31",7.183333
"1888","2005-08-01",11.0988096666667
"1889","2005-08-02",13.438889
"1890","2005-08-03",19.0944443333333
"1891","2005-08-04",22.0151516666667
"1892","2005-08-05",12.3194443333333
"1893","2005-08-06",13.613889
"1894","2005-08-07",8.427778
"1895","2005-08-08",21.8330806666667
"1896","2005-08-09",16.8458333333333
"1897","2005-08-10",18.0069443333333
"1898","2005-08-11",16.7833333333333
"1899","2005-08-12",15.7689393333333
"1900","2005-08-13",12.1291666666667
"1901","2005-08-14",13.0291666666667
"1902","2005-08-15",15.7035716666667
"1903","2005-08-16",22.113889
"1904","2005-08-17",20.1055556666667
"1905","2005-08-18",20.516727
"1906","2005-08-19",10.6194443333333
"1907","2005-08-20",16.836111
"1908","2005-08-21",19.073611
"1909","2005-08-22",17.4054293333333
"1910","2005-08-23",11.511111
"1911","2005-08-24",19.0041666666667
"1912","2005-08-25",20.357307
"1913","2005-08-26",22.565783
"1914","2005-08-27",18.1375
"1915","2005-08-28",19.2375
"1916","2005-08-29",24.5623016666667
"1917","2005-08-30",25.3625
"1918","2005-08-31",19.4472223333333
"1919","2005-09-01",22.6738636666667
"1920","2005-09-02",16.5597223333333
"1921","2005-09-03",12.723611
"1922","2005-09-04",15.9555553333333
"1923","2005-09-05",17.3972223333333
"1924","2005-09-06",30.1804676666667
"1925","2005-09-07",20.563889
"1926","2005-09-08",11.451894
"1927","2005-09-09",14.8361113333333
"1928","2005-09-10",16.1555556666667
"1929","2005-09-11",14.052778
"1930","2005-09-12",23.0329363333333
"1931","2005-09-13",23.138889
"1932","2005-09-14",24.2375
"1933","2005-09-15",32.1915403333333
"1934","2005-09-16",29.2166663333333
"1935","2005-09-17",29.2652776666667
"1936","2005-09-18",28.3375
"1937","2005-09-19",33.5753786666667
"1938","2005-09-20",25.5944446666667
"1939","2005-09-21",22.76149
"1940","2005-09-22",23.47702
"1941","2005-09-23",31.076389
"1942","2005-09-24",24.3194443333333
"1943","2005-09-25",25.3902776666667
"1944","2005-09-26",31.5146136666667
"1945","2005-09-27",26.5069446666667
"1946","2005-09-28",25.1275253333333
"1947","2005-09-29",34.4125
"1948","2005-09-30",34.9180556666667
"1949","2005-10-01",29.5902776666667
"1950","2005-10-02",17.695833
"1951","2005-10-03",18.253283
"1952","2005-10-04",13.491667
"1953","2005-10-05",21.431692
"1954","2005-10-06",31.4722223333333
"1955","2005-10-07",26.3819443333333
"1956","2005-10-08",18.6666666666667
"1957","2005-10-09",10.0652776666667
"1958","2005-10-10",27.5791666666667
"1959","2005-10-11",32.201389
"1960","2005-10-12",36.8135103333333
"1961","2005-10-13",40.2638886666667
"1962","2005-10-14",17.6821426666667
"1963","2005-10-15",23.076389
"1964","2005-10-16",23.6472223333333
"1965","2005-10-17",29.8402173333333
"1966","2005-10-18",19.2347223333333
"1967","2005-10-19",26.884259
"1968","2005-10-20",30.756313
"1969","2005-10-21",36.8222223333333
"1970","2005-10-22",29.958333
"1971","2005-10-23",25.586111
"1972","2005-10-24",27.198611
"1973","2005-10-25",23.348611
"1974","2005-10-26",27.0297976666667
"1975","2005-10-27",29.8500003333333
"1976","2005-10-28",30.2706346666667
"1977","2005-10-29",25.2958333333333
"1978","2005-10-30",24.3944443333333
"1979","2005-10-31",34.093308
"1980","2005-11-01",34.5151515
"1981","2005-11-02",37.2708335
"1982","2005-11-03",37.1875
"1983","2005-11-04",32.875
"1984","2005-11-05",32.2708335
"1985","2005-11-06",31.8541665
"1986","2005-11-07",35.7708335
"1987","2005-11-08",34.3208335
"1988","2005-11-09",34.9772725
"1989","2005-11-10",36.4791665
"1990","2005-11-11",23.0625
"1991","2005-11-12",29.4166665
"1992","2005-11-13",30.0416665
"1993","2005-11-14",36.8598485
"1994","2005-11-15",26.1723485
"1995","2005-11-16",28.068182
"1996","2005-11-17",39.708333
"1997","2005-11-18",23.1458335
"1998","2005-11-19",39.9166665
"1999","2005-11-20",20.2708335
"2000","2005-11-21",41.708333
"2001","2005-11-22",46.25
"2002","2005-11-23",42.8402775
"2003","2005-11-24",33.875
"2004","2005-11-25",33.0089285
"2005","2005-11-26",15.979167
"2006","2005-11-27",9.145833
"2007","2005-11-28",32.4545455
"2008","2005-11-29",33.9375
"2009","2005-11-30",42.5473485
"2010","2005-12-01",39.875
"2011","2005-12-02",39
"2012","2005-12-03",27.375
"2013","2005-12-04",26.2291665
"2014","2005-12-05",40.659091
"2015","2005-12-06",38.041667
"2016","2005-12-07",35.7309785
"2017","2005-12-08",36.895833
"2018","2005-12-09",39.4166665
"2019","2005-12-10",43.4375
"2020","2005-12-11",38.4583335
"2021","2005-12-12",40.0738635
"2022","2005-12-13",44.45471
"2023","2005-12-14",44.615909
"2024","2005-12-15",38.5054825
"2025","2005-12-16",34.6282895
"2026","2005-12-17",34.2291665
"2027","2005-12-18",34.645833
"2028","2005-12-19",49.003788
"2029","2005-12-20",42.7916665
"2030","2005-12-21",61.149621
"2031","2005-12-22",42.298913
"2032","2005-12-23",39.916667
"2033","2005-12-24",38.354167
"2034","2005-12-25",29.7916665
"2035","2005-12-26",26.125
"2036","2005-12-27",32.1875
"2037","2005-12-28",37.9
"2038","2005-12-29",38.0833335
"2039","2005-12-30",37.4166665
"2040","2005-12-31",35.333333
"2041","2006-01-01",31.270833
"2042","2006-01-02",25.875
"2043","2006-01-03",29.2083335
"2044","2006-01-04",40.45614
"2045","2006-01-05",36.5208335
"2046","2006-01-06",24.6458335
"2047","2006-01-07",32.958333
"2048","2006-01-08",36.9791665
"2049","2006-01-09",36.6512685
"2050","2006-01-10",41.4911065
"2051","2006-01-11",41.333333
"2052","2006-01-12",39.375
"2053","2006-01-13",43.375
"2054","2006-01-14",44.2083335
"2055","2006-01-15",18.3125
"2056","2006-01-16",19.5
"2057","2006-01-17",36.8125
"2058","2006-01-18",35.8208335
"2059","2006-01-19",26.833333
"2060","2006-01-20",39
"2061","2006-01-21",38.0416665
"2062","2006-01-22",35.395833
"2063","2006-01-23",34.068182
"2064","2006-01-24",17.604167
"2065","2006-01-25",30.4924245
"2066","2006-01-26",38.3541665
"2067","2006-01-27",33.3958335
"2068","2006-01-28",31.125
"2069","2006-01-29",31.2291665
"2070","2006-01-30",39.125
"2071","2006-01-31",36.702381
"2072","2006-02-01",35.666667
"2073","2006-02-02",35.854167
"2074","2006-02-03",41.6041665
"2075","2006-02-04",36.4375
"2076","2006-02-05",34.1875
"2077","2006-02-06",28.5208335
"2078","2006-02-07",28.2954545
"2079","2006-02-08",30.4404765
"2080","2006-02-09",40.365036
"2081","2006-02-10",33.125
"2082","2006-02-11",31.083333
"2083","2006-02-12",28.9375
"2084","2006-02-13",41.875
"2085","2006-02-14",39.419643
"2086","2006-02-15",21.8541665
"2087","2006-02-16",28.1322465
"2088","2006-02-17",44.5416665
"2089","2006-02-18",28.4375
"2090","2006-02-19",28.0625
"2091","2006-02-20",30.9583335
"2092","2006-02-21",36.3257575
"2093","2006-02-22",38.166667
"2094","2006-02-23",41.375
"2095","2006-02-24",39
"2096","2006-02-25",36.1041665
"2097","2006-02-26",34.625
"2098","2006-02-27",41.6875
"2099","2006-02-28",28.7857145
"2100","2006-03-01",24.1875
"2101","2006-03-02",34.5
"2102","2006-03-03",30.1041665
"2103","2006-03-04",31.75
"2104","2006-03-05",28.0416665
"2105","2006-03-06",32.691123
"2106","2006-03-07",25.136364
"2107","2006-03-08",15.958333
"2108","2006-03-09",16.208333
"2109","2006-03-10",11.625
"2110","2006-03-11",11.8958335
"2111","2006-03-12",11.8125
"2112","2006-03-13",22.5
"2113","2006-03-14",34.4910715
"2114","2006-03-15",32.2291665
"2115","2006-03-16",36.1875
"2116","2006-03-17",29.333333
"2117","2006-03-18",15.958333
"2118","2006-03-19",18.625
"2119","2006-03-20",18.028656
"2120","2006-03-21",19.9583335
"2121","2006-03-22",32.125
"2122","2006-03-23",30.7083335
"2123","2006-03-24",30.583333
"2124","2006-03-25",21.895833
"2125","2006-03-26",18.0625
"2126","2006-03-27",24.25
"2127","2006-03-28",19.0083335
"2128","2006-03-29",10.9166665
"2129","2006-03-30",24.0625
"2130","2006-03-31",24.5916665
"2131","2006-04-01",15.2125
"2132","2006-04-02",26.7513886666667
"2133","2006-04-03",33.024495
"2134","2006-04-04",26.3396823333333
"2135","2006-04-05",8.52777766666667
"2136","2006-04-06",20.6874996666667
"2137","2006-04-07",34.948611
"2138","2006-04-08",33.0569446666667
"2139","2006-04-09",25.227778
"2140","2006-04-10",16.936111
"2141","2006-04-11",26.302778
"2142","2006-04-12",30.0650793333333
"2143","2006-04-13",32.665278
"2144","2006-04-14",16.515278
"2145","2006-04-15",14.7472223333333
"2146","2006-04-16",15.8875003333333
"2147","2006-04-17",18.064899
"2148","2006-04-18",26.4791666666667
"2149","2006-04-19",26.1986113333333
"2150","2006-04-20",28.7901516666667
"2151","2006-04-21",32.302778
"2152","2006-04-22",17.534722
"2153","2006-04-23",12.2833333333333
"2154","2006-04-24",24.9035713333333
"2155","2006-04-25",30.8633986666667
"2156","2006-04-26",17.4958333333333
"2157","2006-04-27",12.420833
"2158","2006-04-28",18.1194446666667
"2159","2006-04-29",21.1402776666667
"2160","2006-04-30",20.4833336666667
"2161","2006-05-01",22.6276296666667
"2162","2006-05-02",20.539881
"2163","2006-05-03",18.276389
"2164","2006-05-04",15.4583336666667
"2165","2006-05-05",15.973611
"2166","2006-05-06",22.101389
"2167","2006-05-07",12.613889
"2168","2006-05-08",17.434596
"2169","2006-05-09",21.6958333333333
"2170","2006-05-10",27.604167
"2171","2006-05-11",32.0305553333333
"2172","2006-05-12",29.697953
"2173","2006-05-13",16.715278
"2174","2006-05-14",19.2305556666667
"2175","2006-05-15",34.7258836666667
"2176","2006-05-16",20.144643
"2177","2006-05-17",15.261111
"2178","2006-05-18",17.5916666666667
"2179","2006-05-19",19.0585316666667
"2180","2006-05-20",16.4777776666667
"2181","2006-05-21",12.2430556666667
"2182","2006-05-22",11.6825756666667
"2183","2006-05-23",18.5117063333333
"2184","2006-05-24",26.6583333333333
"2185","2006-05-25",21.5762626666667
"2186","2006-05-26",15.4805556666667
"2187","2006-05-27",10.0305556666667
"2188","2006-05-28",6.24305533333333
"2189","2006-05-29",18.497222
"2190","2006-05-30",27.0045636666667
"2191","2006-05-31",29.5617423333333
"2192","2006-06-01",31.4319446666667
"2193","2006-06-02",20.8669193333333
"2194","2006-06-03",19.0055556666667
"2195","2006-06-04",12.6402776666667
"2196","2006-06-05",12.14047
"2197","2006-06-06",13.745833
"2198","2006-06-07",14.5125
"2199","2006-06-08",15.5361113333333
"2200","2006-06-09",16.1069446666667
"2201","2006-06-10",15.4347223333333
"2202","2006-06-11",15.3236113333333
"2203","2006-06-12",22.9428743333333
"2204","2006-06-13",22.9666666666667
"2205","2006-06-14",21.2930556666667
"2206","2006-06-15",21.927778
"2207","2006-06-16",21.6040403333333
"2208","2006-06-17",23.298611
"2209","2006-06-18",23.3055553333333
"2210","2006-06-19",20.5242066666667
"2211","2006-06-20",18.6930556666667
"2212","2006-06-21",20.9674243333333
"2213","2006-06-22",15.1677536666667
"2214","2006-06-23",14.8930556666667
"2215","2006-06-24",13.586111
"2216","2006-06-25",13.3972223333333
"2217","2006-06-26",11.6721013333333
"2218","2006-06-27",11.3337303333333
"2219","2006-06-28",12.130357
"2220","2006-06-29",11.0375
"2221","2006-06-30",14.6166663333333
"2222","2006-07-01",13.2916666666667
"2223","2006-07-02",8.43333333333333
"2224","2006-07-03",9.55163933333333
"2225","2006-07-04",5.95277766666667
"2226","2006-07-05",13.175
"2227","2006-07-06",18.3416663333333
"2228","2006-07-07",10.2416666666667
"2229","2006-07-08",9.99305566666667
"2230","2006-07-09",12.7458333333333
"2231","2006-07-10",14.363159
"2232","2006-07-11",15.8583333333333
"2233","2006-07-12",12.9083333333333
"2234","2006-07-13",10.251389
"2235","2006-07-14",15.8680556666667
"2236","2006-07-15",9.68472233333333
"2237","2006-07-16",9.09027766666667
"2238","2006-07-17",8.861111
"2239","2006-07-18",9.20396833333333
"2240","2006-07-19",8.14444433333333
"2241","2006-07-20",8.97777766666667
"2242","2006-07-21",16.904167
"2243","2006-07-22",9.9208335
"2244","2006-07-23",6.9541665
"2245","2006-07-24",11.7695075
"2246","2006-07-25",11.8479165
"2247","2006-07-26",9.17500033333333
"2248","2006-07-27",8.78333333333333
"2249","2006-07-28",9.81249966666667
"2250","2006-07-29",5.451389
"2251","2006-07-30",4.709722
"2252","2006-07-31",7.78143933333333
"2253","2006-08-01",7.059722
"2254","2006-08-02",12.484722
"2255","2006-08-03",10.2482326666667
"2256","2006-08-04",13.1736113333333
"2257","2006-08-05",11.961111
"2258","2006-08-06",15.013889
"2259","2006-08-07",11.78436
"2260","2006-08-08",9.83156566666667
"2261","2006-08-09",9.68749966666667
"2262","2006-08-10",12.751389
"2263","2006-08-11",10.677778
"2264","2006-08-12",9.41944433333333
"2265","2006-08-13",8.388889
"2266","2006-08-14",9.54305566666667
"2267","2006-08-15",13.213492
"2268","2006-08-16",9.388889
"2269","2006-08-17",14.4
"2270","2006-08-18",21.6128786666667
"2271","2006-08-19",21.1430556666667
"2272","2006-08-20",8.86666666666667
"2273","2006-08-21",9.148902
"2274","2006-08-22",14.8944443333333
"2275","2006-08-23",14.173611
"2276","2006-08-24",14.3583336666667
"2277","2006-08-25",12.270833
"2278","2006-08-26",12.061111
"2279","2006-08-27",19.563889
"2280","2006-08-28",28.1166666666667
"2281","2006-08-29",28.9916666666667
"2282","2006-08-30",17.914866
"2283","2006-08-31",13.7930556666667
"2284","2006-09-01",25.911111
"2285","2006-09-02",7.67638866666667
"2286","2006-09-03",5.31666666666667
"2287","2006-09-04",4.760417
"2288","2006-09-05",8.49776566666667
"2289","2006-09-06",11.6361113333333
"2290","2006-09-07",8.22222233333333
"2291","2006-09-08",13.1822466666667
"2292","2006-09-09",18.266667
"2293","2006-09-10",16.3319446666667
"2294","2006-09-11",20.5289683333333
"2295","2006-09-12",12.2208333333333
"2296","2006-09-13",11.5
"2297","2006-09-14",9.75416666666667
"2298","2006-09-15",9.666667
"2299","2006-09-16",16.0416666666667
"2300","2006-09-17",22.7875
"2301","2006-09-18",28.559239
"2302","2006-09-19",27.2847223333333
"2303","2006-09-20",15.2734126666667
"2304","2006-09-21",22.663587
"2305","2006-09-22",18.425126
"2306","2006-09-23",20.375
"2307","2006-09-24",19.125
"2308","2006-09-25",23.959722
"2309","2006-09-26",26.0636363333333
"2310","2006-09-27",27.136111
"2311","2006-09-28",28.7958333333333
"2312","2006-09-29",34.129293
"2313","2006-09-30",29.1
"2314","2006-10-01",22.886111
"2315","2006-10-02",19.424385
"2316","2006-10-03",24.2464646666667
"2317","2006-10-04",24.975
"2318","2006-10-05",17.484722
"2319","2006-10-06",10.3458333333333
"2320","2006-10-07",25.098611
"2321","2006-10-08",14.4930553333333
"2322","2006-10-09",18.938889
"2323","2006-10-10",24.1642856666667
"2324","2006-10-11",32.492298
"2325","2006-10-12",32.0166666666667
"2326","2006-10-13",21.7936506666667
"2327","2006-10-14",10.8555556666667
"2328","2006-10-15",20.6222223333333
"2329","2006-10-16",25.7613636666667
"2330","2006-10-17",23.7973483333333
"2331","2006-10-18",28.3430556666667
"2332","2006-10-19",25.8069443333333
"2333","2006-10-20",30.3611113333333
"2334","2006-10-21",28.7069443333333
"2335","2006-10-22",27.402778
"2336","2006-10-23",27.4512626666667
"2337","2006-10-24",21.3421783333333
"2338","2006-10-25",17.388889
"2339","2006-10-26",15.1027776666667
"2340","2006-10-27",28.3041666666667
"2341","2006-10-28",27.5666666666667
"2342","2006-10-29",27.772222
"2343","2006-10-30",32.4154043333333
"2344","2006-10-31",32.94504
"2345","2006-11-01",37.333333
"2346","2006-11-02",41.1875
"2347","2006-11-03",42.416667
"2348","2006-11-04",34.083333
"2349","2006-11-05",35.5416665
"2350","2006-11-06",40.2329545
"2351","2006-11-07",40.5416665
"2352","2006-11-08",36.5416665
"2353","2006-11-09",34.25
"2354","2006-11-10",32.5208335
"2355","2006-11-11",35.104167
"2356","2006-11-12",24.6666665
"2357","2006-11-13",37.409091
"2358","2006-11-14",35.378788
"2359","2006-11-15",34.458333
"2360","2006-11-16",44.145833
"2361","2006-11-17",39.895833
"2362","2006-11-18",39.0416665
"2363","2006-11-19",34.083333
"2364","2006-11-20",36.524621
"2365","2006-11-21",38.395833
"2366","2006-11-22",39.520833
"2367","2006-11-23",31.708333
"2368","2006-11-24",33.166667
"2369","2006-11-25",27.5416665
"2370","2006-11-26",25.6875
"2371","2006-11-27",27.2436595
"2372","2006-11-28",25.6602875
"2373","2006-11-29",16.875
"2374","2006-11-30",29.482143
"2375","2006-12-01",43.8958335
"2376","2006-12-02",35.25
"2377","2006-12-03",22.104167
"2378","2006-12-04",25.8125
"2379","2006-12-05",42.123106
"2380","2006-12-06",49.5833335
"2381","2006-12-07",30.0833335
"2382","2006-12-08",15.5
"2383","2006-12-09",30.833333
"2384","2006-12-10",21.9166665
"2385","2006-12-11",35.8278985
"2386","2006-12-12",40.454545
"2387","2006-12-13",42.1666665
"2388","2006-12-14",44.270833
"2389","2006-12-15",37.0833335
"2390","2006-12-16",29.3958335
"2391","2006-12-17",17.8541665
"2392","2006-12-18",27.39221
"2393","2006-12-19",29.878788
"2394","2006-12-20",30.25
"2395","2006-12-21",35.083333
"2396","2006-12-22",34.9583335
"2397","2006-12-23",34.4375
"2398","2006-12-24",28.7083335
"2399","2006-12-25",34.4375
"2400","2006-12-26",33.468944
"2401","2006-12-27",30.75
"2402","2006-12-28",21.479167
"2403","2006-12-29",22.2916665
"2404","2006-12-30",24.375
"2405","2006-12-31",24.9166665
